1.636674404144287109e+00,-1.635142326354980469e+00,3.218644857406616211e-02,1.023335933685302734e+00,1.220318555831909180e+00,8.951002955436706543e-01,-4.283098280429840088e-01,-1.397589564323425293e+00,1.272449970245361328e+00,-3.883238434791564941e-01,9.200431108474731445e-01,-1.457592964172363281e+00,1.165017127990722656e+00,-6.932412981986999512e-01,1.181642860174179077e-01,-1.528875946998596191e+00,-3.605883717536926270e-01,1.676591753959655762e+00,-3.567828536033630371e-01,1.176209211349487305e+00,1.317259430885314941e+00,1.255678534507751465e-01,2.326019287109375000e+00,-1.598050951957702637e+00,-4.307692945003509521e-01,-5.029984116554260254e-01,3.065729737281799316e-01,1.714226007461547852e+00,-3.340919017791748047e-01,8.583006858825683594e-01,4.755266606807708740e-01,2.261598348617553711e+00,-1.781415581703186035e+00,3.577618002891540527e-01,-6.215972304344177246e-01,-3.934054970741271973e-01,3.990857005119323730e-01,1.010604977607727051e+00,1.202836394309997559e+00,-4.616382718086242676e-01
1.760725140571594238e+00,7.613350749015808105e-01,-4.212012588977813721e-01,6.694135069847106934e-01,-1.658802747726440430e+00,-7.770510911941528320e-01,-1.780714154243469238e+00,-1.681249141693115234e-01,-8.780701160430908203e-01,-1.268235035240650177e-02,-1.516447186470031738e+00,2.719521999359130859e+00,-1.414260864257812500e+00,-5.422244220972061157e-02,3.553096055984497070e-01,-4.955381155014038086e-01,-5.426614284515380859e-01,-4.547968506813049316e-01,-3.637395426630973816e-02,-6.107199788093566895e-01,-5.510194301605224609e-01,7.332449555397033691e-01,-1.300874054431915283e-01,2.122394084930419922e+00,-2.062330693006515503e-01,-1.331438064575195312e+00,-4.130351245403289795e-01,1.167515158653259277e+00,-7.258204277604818344e-03,5.954751372337341309e-02,-1.445492863655090332e+00,-2.142887830734252930e+00,-1.705309748649597168e+00,-1.101784855127334595e-01,2.190071642398834229e-01,-9.979758858680725098e-01,2.607366442680358887e-01,1.824845314025878906e+00,-1.412966847419738770e-01,9.516958594322204590e-01
-3.918978869915008545e-01,9.862926602363586426e-01,-3.132089376449584961e-01,8.437531590461730957e-01,-9.321685880422592163e-02,1.305072665214538574e+00,-1.166597843170166016e+00,3.457588553428649902e-01,-9.423508048057556152e-01,-9.958785772323608398e-01,4.696867465972900391e-01,1.611397564411163330e-01,-1.787163764238357544e-01,-1.995871812105178833e-01,7.640742063522338867e-01,-1.940276622772216797e-01,-4.700076282024383545e-01,-2.120540440082550049e-01,-7.508671879768371582e-01,-4.016827940940856934e-01,4.859340190887451172e-01,2.376938611268997192e-02,6.000624895095825195e-01,-9.767259359359741211e-01,5.445795655250549316e-01,6.539071202278137207e-01,-3.801719546318054199e-01,2.076448202133178711e-01,-1.030551433563232422e+00,3.684781193733215332e-01,5.649033561348915100e-02,-1.304292559623718262e+00,-9.737326502799987793e-01,-4.879764467477798462e-02,-6.309716105461120605e-01,1.961161494255065918e-01,9.494067430496215820e-01,-2.774499058723449707e-01,-8.534888923168182373e-02,7.006193697452545166e-02
-1.217730194330215454e-01,2.470993697643280029e-01,9.025148749351501465e-01,1.773429036140441895e+00,6.245787739753723145e-01,-1.924528241157531738e+00,-7.341693639755249023e-01,-4.823676943778991699e-01,4.643459320068359375e-01,2.372617483139038086e+00,-2.384033054113388062e-02,6.188074946403503418e-01,-8.086738586425781250e-01,1.839223206043243408e-01,-1.152896761894226074e+00,-5.852647423744201660e-01,-6.173646450042724609e-01,-1.703326702117919922e-01,3.884166479110717773e-01,-1.650277495384216309e+00,-7.104895710945129395e-01,-3.475966453552246094e-01,-1.500961091369390488e-02,-6.793196201324462891e-01,1.074394444003701210e-03,3.848903775215148926e-01,-1.416608452796936035e+00,5.683333277702331543e-01,3.979636728763580322e-01,-4.293148517608642578e-01,2.028717696666717529e-01,1.220068559050559998e-01,-8.153398036956787109e-01,-8.951885625720024109e-03,2.489328533411026001e-01,-3.020061552524566650e-01,5.548830628395080566e-01,-6.246444582939147949e-01,9.055145084857940674e-02,1.192945718765258789e+00
4.130774140357971191e-01,5.512030124664306641e-01,1.033340811729431152e+00,5.191050171852111816e-01,-5.009230226278305054e-02,1.009993076324462891e+00,-9.522714614868164062e-01,-6.148834228515625000e-01,5.635312795639038086e-01,-7.671509385108947754e-01,7.234196066856384277e-01,3.468351066112518311e-01,7.261696457862854004e-01,1.573019862174987793e+00,-5.350286960601806641e-01,2.362622499465942383e+00,6.673485040664672852e-01,-4.025901556015014648e-01,-7.875662446022033691e-01,2.557702958583831787e-01,6.308226729743182659e-04,1.231035947799682617e+00,9.090538024902343750e-01,1.845541745424270630e-01,-1.249048113822937012e+00,-9.876700043678283691e-01,1.176326632499694824e+00,-3.590859174728393555e-01,-1.272330284118652344e+00,5.059662461280822754e-01,-6.608851253986358643e-02,-5.741361379623413086e-01,1.427005171775817871e+00,-6.374396085739135742e-01,-1.025607347488403320e+00,9.539721608161926270e-01,-8.693395555019378662e-02,7.951329350471496582e-01,4.275090694427490234e-01,-7.413998842239379883e-01
1.931010842323303223e+00,-8.532277345657348633e-01,-1.409388780593872070e-01,-1.230720758438110352e+00,-6.894122362136840820e-01,-5.857530832290649414e-01,7.482666522264480591e-02,9.712215065956115723e-01,-1.363083720207214355e+00,-1.767727255821228027e+00,-6.748636960983276367e-01,-2.094102621078491211e+00,2.644130945205688477e+00,-5.337077975273132324e-01,2.230087757110595703e+00,8.175647854804992676e-01,5.463396757841110229e-02,-1.385270118713378906e+00,-8.046340346336364746e-01,-1.773961186408996582e-01,-3.944883048534393311e-01,4.739193022251129150e-01,4.485074579715728760e-01,-1.177699923515319824e+00,1.061487793922424316e+00,1.472977519035339355e+00,1.600799113512039185e-01,2.895530164241790771e-01,-3.356535136699676514e-01,2.615922689437866211e-01,-2.376237809658050537e-01,-6.950677931308746338e-02,-8.513030409812927246e-01,1.537603259086608887e+00,-4.514014720916748047e-01,-1.273689746856689453e+00,6.992086172103881836e-01,6.063309907913208008e-01,1.110570356249809265e-01,8.480682969093322754e-01
-3.081135079264640808e-02,-8.128522634506225586e-01,-1.561385750770568848e+00,1.688009053468704224e-01,-4.233863651752471924e-01,-9.144139289855957031e-01,6.671980023384094238e-01,-3.790061771869659424e-01,9.966687560081481934e-01,2.294208258390426636e-01,8.218110203742980957e-01,1.189237356185913086e+00,8.701704740524291992e-01,6.603724956512451172e-01,3.562844693660736084e-01,6.744519472122192383e-01,6.679975390434265137e-01,1.607896238565444946e-01,5.070101618766784668e-01,1.523809790611267090e+00,2.788187265396118164e-01,2.478618174791336060e-01,-2.236864715814590454e-01,1.120212227106094360e-01,1.397547006607055664e+00,5.476127266883850098e-01,1.200108885765075684e+00,1.085360407829284668e+00,1.928760170936584473e+00,1.580917984247207642e-01,-6.193565726280212402e-01,6.663799285888671875e-01,-8.795433640480041504e-01,3.275570869445800781e-01,-4.538213312625885010e-01,6.187680177390575409e-03,-9.415419697761535645e-01,6.802611947059631348e-01,1.390147566795349121e+00,-2.288407646119594574e-02
-1.738944411277770996e+00,-4.203695952892303467e-01,3.572016358375549316e-01,-1.179646968841552734e+00,1.153500750660896301e-01,-5.621275305747985840e-01,-2.267665266990661621e-01,1.054604172706604004e+00,1.128157258033752441e+00,-4.559333324432373047e-01,5.634658932685852051e-01,1.301900386810302734e+00,2.981047868728637695e+00,1.837643623352050781e+00,3.037210106849670410e-01,4.503034353256225586e-01,-1.963354587554931641e+00,-6.556012034416198730e-01,2.291890680789947510e-01,-1.956183016300201416e-01,1.202913284301757812e+00,-4.643732905387878418e-01,-8.602965474128723145e-01,1.277766823768615723e+00,9.384965896606445312e-02,-1.613043308258056641e+00,9.733608961105346680e-01,-1.511300802230834961e+00,-1.428456902503967285e+00,-7.719408720731735229e-02,7.740771174430847168e-01,5.454306602478027344e-01,-9.885977506637573242e-01,1.812253706157207489e-02,-5.789014101028442383e-01,5.171549320220947266e-01,1.473718881607055664e+00,-2.806735515594482422e+00,-8.146163821220397949e-01,-3.094147741794586182e-01
-6.804424524307250977e-01,1.084001302719116211e+00,-3.128614723682403564e-01,-2.795692384243011475e-01,-6.407257914543151855e-01,-1.110450997948646545e-01,9.067861437797546387e-01,-1.542954325675964355e+00,-1.608173847198486328e+00,6.413171291351318359e-01,1.310491442680358887e+00,6.166678071022033691e-01,7.460724115371704102e-01,-1.818018704652786255e-01,3.976366221904754639e-01,1.515614271163940430e+00,7.755049318075180054e-02,-8.036329746246337891e-01,3.643565475940704346e-01,-7.852957248687744141e-01,1.774780750274658203e-01,-1.534033894538879395e+00,9.052166342735290527e-02,3.603184819221496582e-01,6.072905063629150391e-01,-4.940875768661499023e-01,-9.679010510444641113e-01,1.241667509078979492e+00,4.298064112663269043e-01,5.449780225753784180e-01,-1.091604158282279968e-01,-8.143576979637145996e-02,-2.039634943008422852e+00,3.846462368965148926e-01,-1.316834211349487305e+00,3.066462576389312744e-01,1.772438526153564453e+00,-6.922800093889236450e-02,-7.094546556472778320e-01,1.196817532181739807e-01
2.040535956621170044e-01,5.194874405860900879e-01,-1.280085325241088867e+00,5.223468542098999023e-01,-8.979496359825134277e-01,-4.463677108287811279e-02,1.114268541336059570e+00,-3.119953870773315430e-01,2.267383933067321777e-01,9.037915468215942383e-01,-5.082166194915771484e-01,4.505572021007537842e-01,6.462975740432739258e-01,6.948626041412353516e-01,2.564109861850738525e-01,5.284168720245361328e-01,1.195380911231040955e-01,-5.097312331199645996e-01,1.223061084747314453e+00,-5.796659588813781738e-01,7.840868830680847168e-01,2.788281999528408051e-02,-2.003045678138732910e-01,-4.693530499935150146e-01,1.069047451019287109e+00,9.117250442504882812e-01,-2.408383607864379883e+00,1.110936522483825684e+00,-7.270805239677429199e-01,2.792415618896484375e-01,-4.031655788421630859e-01,-2.586399205029010773e-02,-5.384321808815002441e-01,1.353890895843505859e+00,-1.239930748939514160e+00,1.783395171165466309e+00,-1.342011809349060059e+00,-2.134968757629394531e+00,9.095121622085571289e-01,-1.541038393974304199e+00
-8.499087393283843994e-02,4.860582649707794189e-01,4.617255926132202148e-01,-1.162413835525512695e+00,-6.193793416023254395e-01,5.676185488700866699e-01,-3.558014705777168274e-02,6.730830669403076172e-01,2.896738946437835693e-01,-1.426206827163696289e+00,8.022148609161376953e-01,-1.469297528266906738e+00,1.774438738822937012e+00,5.619327425956726074e-01,3.892504274845123291e-01,4.749463498592376709e-01,-9.170206785202026367e-01,1.885463893413543701e-01,-1.595204710960388184e+00,6.729419231414794922e-01,-1.210611343383789062e+00,-4.033168852329254150e-01,-8.167172223329544067e-02,-7.011356949806213379e-01,4.235363900661468506e-01,-8.351516909897327423e-03,-4.110318124294281006e-01,-2.383260279893875122e-01,-3.269564807415008545e-01,2.473781704902648926e-01,-1.137168779969215393e-01,-6.737228631973266602e-01,1.572880744934082031e+00,1.028018116950988770e+00,8.330939412117004395e-01,-2.285836189985275269e-01,5.226452350616455078e-01,-1.453951597213745117e-01,-4.072603285312652588e-01,-6.866383552551269531e-02
7.662861943244934082e-01,6.440210938453674316e-01,5.451529026031494141e-01,1.283718585968017578e+00,2.298277467489242554e-01,-1.952837824821472168e+00,-7.208408713340759277e-01,1.259286701679229736e-01,1.103661298751831055e+00,1.075596332550048828e+00,2.203890979290008545e-01,6.075066924095153809e-01,-6.539828609675168991e-03,8.461213111877441406e-01,-3.105175793170928955e-01,1.128398656845092773e+00,2.040961831808090210e-01,2.101060599088668823e-01,-6.851003766059875488e-01,-2.172635793685913086e+00,-8.768641352653503418e-01,6.099919080734252930e-01,5.874619483947753906e-01,-1.837936341762542725e-01,7.371744513511657715e-01,1.305134177207946777e+00,-2.856294214725494385e-01,-2.660018205642700195e-01,2.416530996561050415e-02,-8.714805841445922852e-01,-1.034250736236572266e+00,9.288130700588226318e-02,-2.048524767160415649e-01,3.960482478141784668e-01,-1.112864017486572266e+00,-1.089325547218322754e+00,-3.859682083129882812e-01,-1.267652153968811035e+00,-2.610715329647064209e-01,6.705159544944763184e-01
1.284614205360412598e-01,2.175184488296508789e-01,-1.802726238965988159e-01,-9.303977489471435547e-01,-1.063595533370971680e+00,-9.549362063407897949e-01,1.609746456146240234e+00,1.164440512657165527e-01,1.112962961196899414e-01,-2.797599136829376221e-01,-9.884797036647796631e-03,1.400557160377502441e+00,1.649797320365905762e+00,4.328216314315795898e-01,1.109270229935646057e-01,1.410015583038330078e+00,-1.247743889689445496e-01,-1.780047267675399780e-01,7.799785137176513672e-01,1.077374935150146484e+00,-2.500530481338500977e-01,7.340872883796691895e-01,1.708909749984741211e+00,8.806955814361572266e-01,1.677445054054260254e+00,2.196418493986129761e-01,-1.130788087844848633e+00,-1.223762512207031250e+00,-5.032339096069335938e-01,-1.064670920372009277e+00,2.572324872016906738e-01,-8.101655840873718262e-01,1.005188107490539551e+00,-5.172995328903198242e-01,-8.744899034500122070e-01,2.401894032955169678e-01,5.022819638252258301e-01,-2.563833296298980713e-01,-1.818510293960571289e+00,-1.659487247467041016e+00
-1.436895281076431274e-01,1.343053113669157028e-02,8.769525289535522461e-01,9.568644165992736816e-01,7.452919483184814453e-01,7.141641974449157715e-01,-1.560505151748657227e+00,1.022582888603210449e+00,-6.525700092315673828e-01,-2.783527970314025879e-01,1.207120060920715332e+00,-6.632934808731079102e-01,1.036319255828857422e+00,-5.715180635452270508e-01,1.935516148805618286e-01,-1.110346794128417969e+00,6.028331518173217773e-01,3.341164290904998779e-01,-4.985511898994445801e-01,2.966111898422241211e-01,5.183216929435729980e-01,-4.730928540229797363e-01,1.178125023841857910e+00,-1.610292643308639526e-01,-8.461079597473144531e-01,-2.120527923107147217e-01,1.005614399909973145e+00,2.055990457534790039e+00,-4.815340936183929443e-01,1.535267710685729980e+00,-1.317782163619995117e+00,-1.121418237686157227e+00,-4.698772430419921875e-01,5.860097408294677734e-01,3.439902141690254211e-02,3.106735348701477051e-01,-2.395042590796947479e-02,1.981555223464965820e+00,6.986583471298217773e-01,-4.330871999263763428e-01
-4.339010417461395264e-01,4.767763316631317139e-01,-9.620805829763412476e-02,-6.302888393402099609e-01,-6.862081289291381836e-01,3.534223437309265137e-01,6.408444046974182129e-01,1.009027361869812012e+00,-9.832148551940917969e-01,-3.685126006603240967e-01,-8.058270066976547241e-02,7.908883690834045410e-01,8.027088642120361328e-01,-1.007779002189636230e+00,4.426263570785522461e-01,-3.968684971332550049e-01,6.657164692878723145e-01,5.899015069007873535e-01,-2.048507630825042725e-01,-8.561109304428100586e-01,9.747170209884643555e-01,-1.168504118919372559e+00,3.333871066570281982e-01,6.703790426254272461e-01,5.446384549140930176e-01,-7.105174660682678223e-02,-5.326104164123535156e-01,-1.061324700713157654e-01,-3.549487292766571045e-01,-7.436965405941009521e-02,-4.715796113014221191e-01,-5.032064318656921387e-01,2.361477166414260864e-01,-2.001316696405410767e-01,-1.838210076093673706e-01,-1.759089827537536621e-01,-2.831545770168304443e-01,-6.309149861335754395e-01,-1.072950601577758789e+00,-1.357105731964111328e+00
1.081729903817176819e-01,4.720859527587890625e-01,1.406953573226928711e+00,-1.914537400007247925e-01,2.833457589149475098e-01,-1.669501662254333496e+00,1.220283389091491699e+00,-2.379321455955505371e-01,7.515431046485900879e-01,1.701543688774108887e+00,1.068439483642578125e+00,4.160987734794616699e-01,3.711820840835571289e-01,-2.206012010574340820e-01,-5.496603250503540039e-01,-8.740688562393188477e-01,-4.256122112274169922e-01,1.032469511032104492e+00,-3.714557588100433350e-01,2.202525138854980469e+00,-1.474663972854614258e+00,-8.019530177116394043e-01,-1.643641144037246704e-01,4.956227540969848633e-01,5.317624211311340332e-01,-4.356124401092529297e-01,-5.777710080146789551e-01,-3.665423095226287842e-01,1.074650049209594727e+00,5.368477702140808105e-01,-7.962102293968200684e-01,-6.950946450233459473e-01,7.496326565742492676e-01,6.456829905509948730e-01,4.017328321933746338e-01,9.839819073677062988e-01,1.111794784665107727e-01,-3.127486407756805420e-01,-7.310654520988464355e-01,-1.875880956649780273e-01
5.513920187950134277e-01,1.983065366744995117e+00,1.363733261823654175e-01,1.898890435695648193e-01,1.018542274832725525e-01,2.827029824256896973e-01,7.602567076683044434e-01,1.887750439345836639e-02,1.599930077791213989e-01,1.522166967391967773e+00,-1.235087037086486816e+00,-6.609074473381042480e-01,-1.147609591484069824e+00,4.642809182405471802e-02,4.128246307373046875e-01,-3.342035412788391113e-01,-8.931269049644470215e-01,1.143800392746925354e-01,-5.294184759259223938e-02,8.563685417175292969e-01,-3.046726286411285400e-01,-5.155945420265197754e-01,-7.494342923164367676e-01,-1.799796819686889648e-01,-9.075083732604980469e-01,5.001304745674133301e-01,-7.233417034149169922e-01,-1.265470504760742188e+00,2.088916450738906860e-01,6.102977991104125977e-01,4.233664274215698242e-01,-6.742086410522460938e-01,-4.182092547416687012e-01,-1.155518293380737305e+00,-2.865446507930755615e-01,1.333383768796920776e-01,2.692641019821166992e-01,-2.270913600921630859e+00,-7.455958127975463867e-01,4.072576761245727539e-01
1.202722430229187012e+00,1.540532469749450684e+00,-1.552692502737045288e-01,-6.675084829330444336e-01,-4.583573639392852783e-01,-1.216893076896667480e+00,-1.164504215121269226e-01,-7.461446523666381836e-01,7.715328037738800049e-02,4.705805182456970215e-01,-7.700224518775939941e-01,-3.813667595386505127e-01,-5.594609305262565613e-02,1.667198300361633301e+00,-2.663171887397766113e-01,-2.505994439125061035e-01,-1.372146606445312500e+00,-7.866329550743103027e-01,-7.551042437553405762e-01,-1.405465602874755859e+00,1.644803047180175781e+00,-1.062784314155578613e+00,-1.039169907569885254e+00,7.383734583854675293e-01,3.431940376758575439e-01,-1.827193260192871094e+00,-1.613650798797607422e+00,1.754100799560546875e+00,-8.114928007125854492e-01,6.863825321197509766e-01,-3.808093667030334473e-01,1.005327582359313965e+00,1.093218564987182617e+00,-7.685478925704956055e-01,-3.953691720962524414e-01,-1.041693806648254395e+00,-1.457363247871398926e+00,1.039841413497924805e+00,1.254752874374389648e+00,-5.766350030899047852e-01
4.715753197669982910e-01,6.380668282508850098e-01,5.433472394943237305e-01,-6.191378831863403320e-01,-5.114771127700805664e-01,-1.532641649246215820e+00,-8.599371314048767090e-01,1.284661293029785156e-01,-3.627927303314208984e-01,2.814198136329650879e-01,-8.059281110763549805e-01,1.582246661186218262e+00,1.898489832878112793e+00,3.955408185720443726e-02,5.393083691596984863e-01,5.664187073707580566e-01,1.072853565216064453e+00,-4.454508721828460693e-01,1.654150895774364471e-02,-1.208898186683654785e+00,1.010773420333862305e+00,-3.487298488616943359e-01,-4.420408606529235840e-01,9.414464235305786133e-01,1.252667903900146484e+00,-1.136361062526702881e-02,-7.195171713829040527e-01,-5.058059096336364746e-01,3.788458406925201416e-01,3.829154074192047119e-01,4.918226972222328186e-02,-2.897190451622009277e-01,-5.906735658645629883e-01,2.593299150466918945e-01,3.170069158077239990e-01,-3.269037231802940369e-02,-6.861344575881958008e-01,-2.045650243759155273e+00,-5.253110527992248535e-01,-1.149380564689636230e+00
4.511014819145202637e-01,7.800883054733276367e-01,-5.114372372627258301e-01,2.247533202171325684e-01,-3.838487863540649414e-01,4.141147434711456299e-01,-3.194084763526916504e-01,-1.335330367088317871e+00,1.513952910900115967e-01,8.317760229110717773e-01,3.674792945384979248e-01,9.221552312374114990e-02,1.103796720504760742e+00,1.144188046455383301e+00,-4.880546629428863525e-01,-8.449562788009643555e-01,-1.657872051000595093e-01,-4.787663370370864868e-02,-7.750587463378906250e-01,-1.354785412549972534e-01,-1.706308498978614807e-02,-1.260554313659667969e+00,-5.123522877693176270e-01,-8.374496102333068848e-01,3.892216384410858154e-01,-2.789145708084106445e-01,-1.208427667617797852e+00,1.881807148456573486e-01,-1.418716073036193848e+00,-6.312259435653686523e-01,1.656304895877838135e-01,2.637418359518051147e-02,4.176841080188751221e-01,-1.387722730636596680e+00,1.118188500404357910e+00,4.730128943920135498e-01,-4.862507879734039307e-01,2.144769728183746338e-01,-8.865315318107604980e-01,1.262319803237915039e+00
-3.452149033546447754e-01,4.525635242462158203e-01,-1.389636516571044922e+00,1.997108340263366699e+00,-1.229346156120300293e+00,1.682100296020507812e+00,9.309954047203063965e-01,-2.103167176246643066e-01,1.379245519638061523e+00,-2.942413091659545898e+00,5.592886805534362793e-01,4.625287055969238281e-01,-5.257216095924377441e-01,1.798474669456481934e+00,4.292407035827636719e-01,8.752534985542297363e-01,-5.050172805786132812e-01,5.544922947883605957e-01,3.520094156265258789e-01,-1.589223593473434448e-01,3.979980945587158203e-01,8.862699866294860840e-01,-2.431048154830932617e-01,-8.549216389656066895e-01,-2.014180898666381836e+00,-3.602115511894226074e-01,7.678393125534057617e-01,-5.573422908782958984e-01,7.344239950180053711e-02,-1.156623482704162598e+00,3.796458244323730469e-01,-1.288874626159667969e+00,-3.144328594207763672e-01,-1.705980777740478516e+00,1.741191744804382324e-01,2.447254061698913574e-01,-4.962318111211061478e-03,1.334507942199707031e+00,1.714231520891189575e-01,-1.061020731925964355e+00
1.641563475131988525e-01,3.270953297615051270e-01,1.893634051084518433e-01,-2.693367004394531250e-01,7.831525206565856934e-01,1.103704199194908142e-01,1.618801355361938477e+00,6.101139783859252930e-01,-1.616099327802658081e-01,-1.413569211959838867e+00,-3.207451999187469482e-01,-9.289728403091430664e-01,-1.398861408233642578e+00,-1.135763764381408691e+00,1.268492698669433594e+00,-1.500575304031372070e+00,-5.355286970734596252e-02,6.471976637840270996e-01,2.314380109310150146e-01,-1.798472404479980469e+00,-1.142755299806594849e-01,-4.201205074787139893e-01,-4.154423773288726807e-01,-6.363994479179382324e-01,-7.581976652145385742e-01,1.880238652229309082e-01,1.661089956760406494e-01,-6.037722229957580566e-01,8.714600205421447754e-01,-1.023554682731628418e+00,-1.001111745834350586e+00,5.786749720573425293e-01,-6.898636221885681152e-01,7.490928769111633301e-01,6.841287016868591309e-02,-3.688982129096984863e-01,1.964109838008880615e-01,2.726484537124633789e-01,-1.445446848869323730e+00,4.596250951290130615e-01
-1.072602152824401855e+00,9.921820759773254395e-01,2.228491157293319702e-01,-1.337010762654244900e-03,9.129155874252319336e-01,2.044011801481246948e-01,1.107335805892944336e+00,8.023322820663452148e-01,5.085712075233459473e-01,9.379315972328186035e-01,-8.182499408721923828e-01,-9.220760464668273926e-01,-1.458604574203491211e+00,1.398518443107604980e+00,6.942640990018844604e-02,6.440310478210449219e-01,5.927201509475708008e-01,2.059038877487182617e-01,1.394345641136169434e+00,2.425079494714736938e-01,4.783066213130950928e-01,-1.603950738906860352e+00,1.117141842842102051e+00,1.057062506675720215e+00,-1.021374538540840149e-01,-4.899345338344573975e-01,7.410987615585327148e-01,7.361736893653869629e-01,1.355299472808837891e+00,5.117129683494567871e-01,-5.760976672172546387e-01,7.784128189086914062e-01,9.534484744071960449e-01,-8.136336207389831543e-01,-8.193728327751159668e-01,-3.671299517154693604e-01,-7.054213285446166992e-01,-1.006919741630554199e+00,3.749942183494567871e-01,-1.288564652204513550e-01
-1.631178379058837891e+00,-6.682379841804504395e-01,-6.646830439567565918e-01,-1.368124246597290039e+00,-2.634934484958648682e-01,1.562986135482788086e+00,-1.594097167253494263e-01,-6.624980568885803223e-01,-2.152704477310180664e+00,8.736171722412109375e-01,-1.785783052444458008e+00,-3.010142147541046143e-01,9.200501441955566406e-02,4.646646082401275635e-01,6.042440533638000488e-01,-1.263233423233032227e+00,4.869003891944885254e-01,5.621383190155029297e-01,-2.754117250442504883e-01,5.650138854980468750e-01,-5.453146100044250488e-01,1.003618955612182617e+00,-7.538590431213378906e-01,-6.116523593664169312e-02,-4.327390491962432861e-01,3.127004504203796387e-01,3.095760047435760498e-01,2.347246885299682617e+00,1.003109693527221680e+00,-2.049637794494628906e+00,1.930135041475296021e-01,9.104052186012268066e-02,-1.713475704193115234e+00,7.496316432952880859e-01,2.189847379922866821e-01,-5.340762734413146973e-01,1.652933716773986816e+00,1.882625818252563477e+00,6.025159358978271484e-01,1.853399276733398438e-01
-4.863698184490203857e-01,-6.807461977005004883e-01,-1.008519768714904785e+00,-1.853665471076965332e+00,2.349750995635986328e-01,9.789803028106689453e-01,-4.320172369480133057e-01,4.084470272064208984e-01,-3.427530527114868164e-01,1.864498496055603027e+00,-8.186025023460388184e-01,-1.102620601654052734e+00,1.937889337539672852e+00,-8.638499379158020020e-01,-9.525542259216308594e-01,-1.126780733466148376e-01,1.028639972209930420e-01,-1.185878157615661621e+00,1.111801743507385254e+00,-6.038873791694641113e-01,1.346373081207275391e+00,4.160553216934204102e-02,7.851746082305908203e-01,7.427809834480285645e-01,-1.211592435836791992e+00,-4.107223153114318848e-01,-1.391183286905288696e-01,2.027863979339599609e+00,-6.464148163795471191e-01,6.358880400657653809e-01,5.012101531028747559e-01,1.281172871589660645e+00,9.364724159240722656e-01,-3.954006433486938477e-01,1.119633793830871582e+00,-1.025069117546081543e+00,-2.699477374553680420e-01,1.506476759910583496e+00,1.151938829571008682e-02,-8.651627302169799805e-01
-2.672661095857620239e-03,-5.495740771293640137e-01,-8.088427186012268066e-01,-1.097984671592712402e+00,3.868109583854675293e-01,1.376832365989685059e+00,-8.454315066337585449e-01,-4.682518243789672852e-01,1.730355024337768555e-01,8.427216410636901855e-01,7.481846809387207031e-01,1.412275910377502441e+00,-4.920211434364318848e-01,-1.956048011779785156e+00,-1.140597462654113770e+00,-1.223208159208297729e-01,5.377838015556335449e-01,1.091135859489440918e+00,-1.118259906768798828e+00,3.195491433143615723e-01,-2.790637016296386719e-01,1.206065893173217773e+00,-1.194999098777770996e+00,-2.387062162160873413e-01,-3.161241114139556885e-01,5.526452064514160156e-01,6.942548751831054688e-01,-6.628408432006835938e-01,-6.748878955841064453e-01,-5.784344077110290527e-01,-7.277516275644302368e-02,2.316941261291503906e+00,4.118921160697937012e-01,1.177642121911048889e-01,-1.402622461318969727e+00,8.807575702667236328e-01,-8.568332791328430176e-01,3.098079860210418701e-01,-1.732897013425827026e-01,1.274659991264343262e+00
-8.350975513458251953e-01,-3.136820197105407715e-01,1.001002311706542969e+00,1.097180604934692383e+00,-4.637390077114105225e-01,5.419835448265075684e-01,-1.821145296096801758e+00,1.136396288871765137e+00,-3.690679073333740234e-01,-1.795029282569885254e+00,-7.012128233909606934e-01,4.581255912780761719e-01,1.569876670837402344e+00,1.301201462745666504e+00,1.800730079412460327e-02,1.157114863395690918e+00,9.070927500724792480e-01,-2.548598647117614746e-01,6.882303357124328613e-01,-9.990283250808715820e-01,5.765380263328552246e-01,-1.303935885429382324e+00,-4.391168355941772461e-01,-1.224776983261108398e+00,-8.006746768951416016e-01,-6.623061895370483398e-01,-2.284953296184539795e-01,9.619245529174804688e-01,7.328563332557678223e-01,1.813978329300880432e-02,1.484336972236633301e+00,1.186509728431701660e+00,-6.918541342020034790e-02,-7.968297600746154785e-01,-1.385568380355834961e-01,8.521977663040161133e-01,-2.590678036212921143e-01,1.454545110464096069e-01,1.556290268898010254e+00,1.073250055313110352e+00
8.969306945800781250e-02,-3.308652341365814209e-01,2.179347425699234009e-01,7.085570693016052246e-01,3.026065826416015625e-01,1.733948662877082825e-02,-6.953830718994140625e-01,2.219915837049484253e-01,5.886556506156921387e-01,-2.357850819826126099e-01,-1.999690830707550049e-01,-7.900714278221130371e-01,-1.000511646270751953e+00,4.247425496578216553e-02,-9.303115606307983398e-01,-1.157438278198242188e+00,-3.134247958660125732e-01,7.783317565917968750e-01,-1.314181685447692871e-01,-7.957150340080261230e-01,-7.845194339752197266e-01,2.049699276685714722e-01,-5.306341648101806641e-01,-7.395244836807250977e-01,-1.186220645904541016e+00,1.559581160545349121e-01,3.357464969158172607e-01,-6.596270948648452759e-02,-3.278973400592803955e-01,-4.089329540729522705e-01,-6.903662532567977905e-02,2.642349004745483398e-01,2.396051213145256042e-02,3.995229303836822510e-02,7.642260789871215820e-01,-6.019914150238037109e-01,-3.679167330265045166e-01,3.166576623916625977e-01,1.388901025056838989e-01,6.818641424179077148e-01
-1.672028601169586182e-01,6.728119403123855591e-02,-6.434957981109619141e-01,-1.027929544448852539e+00,-3.955706954002380371e-01,-8.542042225599288940e-02,8.266773819923400879e-01,-1.033507704734802246e+00,1.077800914645195007e-01,5.985072255134582520e-01,2.058193273842334747e-02,9.502030611038208008e-01,1.202484726905822754e+00,-2.916645705699920654e-01,3.078529238700866699e-01,1.719823718070983887e+00,3.628244102001190186e-01,1.911742091178894043e-01,-9.455283172428607941e-03,-2.005583979189395905e-02,8.907709121704101562e-01,-1.013566404581069946e-01,6.756779551506042480e-01,8.056415319442749023e-01,5.157133936882019043e-01,-5.542739033699035645e-01,-7.291826605796813965e-01,6.168600171804428101e-02,1.188139989972114563e-01,5.183590650558471680e-01,2.203886210918426514e-01,-2.540659904479980469e-01,-1.256176531314849854e-01,-1.744662523269653320e-01,2.543939463794231415e-02,-1.406354665756225586e+00,1.054381847381591797e+00,-9.882447123527526855e-02,4.822854995727539062e-01,-7.181048989295959473e-01
1.803071260452270508e+00,2.402569651603698730e-01,-8.909973502159118652e-01,1.484804004430770874e-01,-1.382841467857360840e+00,1.311217904090881348e+00,5.048239231109619141e-01,-5.357906967401504517e-02,-2.222214341163635254e-01,-6.593869924545288086e-01,-3.209421932697296143e-01,-1.058235526084899902e+00,-1.267205119132995605e+00,6.644082069396972656e-01,-2.911605834960937500e-01,-7.020639181137084961e-01,-2.139124393463134766e+00,-1.834165900945663452e-01,-2.149554342031478882e-01,1.123942017555236816e+00,-2.068516314029693604e-01,1.940145850181579590e+00,-1.084737896919250488e+00,-7.288957238197326660e-01,-6.715477705001831055e-01,9.080707430839538574e-01,-1.365740299224853516e+00,5.110107660293579102e-01,-3.511317074298858643e-01,3.488928079605102539e-01,-1.510533452033996582e+00,-5.065575242042541504e-01,1.165717169642448425e-01,2.717461585998535156e-01,-5.331850051879882812e-01,5.206849575042724609e-01,1.163242936134338379e+00,2.212649345397949219e+00,1.880233645439147949e+00,1.335774183273315430e+00
7.299998998641967773e-01,-1.098813295364379883e+00,-3.321382105350494385e-01,5.260563492774963379e-01,-1.363714814186096191e+00,1.514134407043457031e-01,6.078299880027770996e-01,3.875284492969512939e-01,-5.865331292152404785e-01,3.669226467609405518e-01,-5.311962366104125977e-01,-1.167182177305221558e-01,1.469685196876525879e+00,-5.049760937690734863e-01,-4.325238764286041260e-01,3.738302290439605713e-01,-5.873432159423828125e-01,-4.101134240627288818e-01,4.336924552917480469e-01,1.023666858673095703e+00,-2.387029975652694702e-01,3.270168602466583252e-01,2.793637812137603760e-01,-4.339706301689147949e-01,-1.123759627342224121e+00,3.339257538318634033e-01,-1.019684791564941406e+00,4.881978407502174377e-02,-1.098507046699523926e+00,-5.030456781387329102e-01,1.354160666465759277e+00,-3.988727629184722900e-01,6.060559675097465515e-02,-1.427374243736267090e+00,-1.190526038408279419e-01,2.657540142536163330e-02,6.183221340179443359e-01,1.417423963546752930e+00,1.573594659566879272e-01,8.613111823797225952e-02
-7.185539007186889648e-01,-1.169495657086372375e-01,1.155404925346374512e+00,6.058247387409210205e-02,-4.124027490615844727e-01,8.147532343864440918e-01,-1.466685384511947632e-01,9.287118911743164062e-01,1.201410368084907532e-01,-1.307011961936950684e+00,-2.056329488754272461e+00,-1.309014916419982910e+00,-1.908421069383621216e-01,-6.867840290069580078e-01,-4.240644574165344238e-01,8.032258152961730957e-01,-1.046744063496589661e-01,1.023110389709472656e+00,8.517413735389709473e-01,3.518009185791015625e-01,1.012703537940979004e+00,9.394866824150085449e-01,7.144322395324707031e-01,1.231666684150695801e+00,-8.027875423431396484e-01,3.351702690124511719e-01,1.339390754699707031e+00,-1.326347589492797852e-01,4.906399250030517578e-01,-7.188995480537414551e-01,-9.938725829124450684e-01,8.257955312728881836e-01,-3.721764385700225830e-01,4.823883473873138428e-01,6.677443981170654297e-01,-1.581154584884643555e+00,-9.110704809427261353e-02,5.365573167800903320e-01,-1.739289164543151855e+00,8.943922519683837891e-01
-1.144131302833557129e+00,1.081237554550170898e+00,3.800760209560394287e-01,-1.252717852592468262e+00,1.383891820907592773e+00,6.474981904029846191e-01,-8.978318572044372559e-01,9.178412556648254395e-01,-8.856310248374938965e-01,-9.697997570037841797e-01,3.190700113773345947e-01,1.651427447795867920e-01,-3.991185426712036133e-01,-5.537133812904357910e-01,6.439137458801269531e-01,-1.812403351068496704e-01,3.961858525872230530e-02,1.626054048538208008e-01,1.980705559253692627e-01,-2.170685678720474243e-01,-3.356788456439971924e-01,1.824646256864070892e-02,1.923886418342590332e+00,-7.626075148582458496e-01,2.469910621643066406e+00,9.121385216712951660e-01,-3.596994280815124512e-01,-8.184153586626052856e-02,-2.631941139698028564e-01,-3.032090663909912109e-01,-5.862427949905395508e-01,8.725049495697021484e-01,1.447714418172836304e-01,1.299209713935852051e+00,-1.884296774864196777e+00,4.214432537555694580e-01,8.983337879180908203e-01,-7.902228236198425293e-01,-1.561659216880798340e+00,8.858048319816589355e-01
-6.170328333973884583e-02,-2.524818658828735352e+00,-1.635631680488586426e+00,2.831164002418518066e-01,-1.166330456733703613e+00,-4.634234011173248291e-01,9.755365550518035889e-02,-1.590947151184082031e+00,-6.394264101982116699e-01,-1.402082204818725586e+00,1.800693124532699585e-01,-2.418207228183746338e-01,-2.202270746231079102e+00,1.810272037982940674e-01,-6.350647658109664917e-02,-1.639052927494049072e-01,-1.535709351301193237e-01,-4.626122713088989258e-01,-5.438627600669860840e-01,-7.904797196388244629e-01,3.049278557300567627e-01,3.217636644840240479e-01,-1.444296360015869141e+00,9.465297460556030273e-01,1.406565546989440918e+00,-3.260058462619781494e-01,3.898215293884277344e-01,-3.250197172164916992e-01,-6.050456762313842773e-01,-7.837395071983337402e-01,5.956355333328247070e-01,-5.082582831382751465e-01,-6.008059382438659668e-01,7.103412151336669922e-01,1.545063138008117676e+00,-1.489478230476379395e+00,-2.009792178869247437e-01,-1.643525622785091400e-02,1.680980324745178223e+00,-1.899365186691284180e-01
7.789188623428344727e-01,-1.569054871797561646e-01,1.298835277557373047e+00,-2.117967307567596436e-01,1.070902943611145020e+00,8.629170060157775879e-01,-1.773331522941589355e+00,-1.928257346153259277e+00,-6.021094918251037598e-01,5.191426873207092285e-01,-2.583017349243164062e-01,-8.831055164337158203e-01,-5.952479839324951172e-01,2.691464126110076904e-01,-5.886260271072387695e-01,8.291277885437011719e-01,1.774458289146423340e-01,-1.813729405403137207e+00,-3.478964865207672119e-01,-2.746429145336151123e-01,4.009225368499755859e-01,1.425349354743957520e+00,-2.331548184156417847e-01,1.776156574487686157e-01,-1.883460164070129395e+00,-1.543896436691284180e+00,7.946343421936035156e-01,-3.822016716003417969e-02,-1.473753452301025391e+00,1.326163411140441895e+00,8.036950230598449707e-01,-3.267289372161030769e-03,2.823843955993652344e-01,1.209934875369071960e-01,4.128780961036682129e-01,8.500155806541442871e-01,6.697598695755004883e-01,8.575887680053710938e-01,7.544432282447814941e-01,2.387302070856094360e-01
-1.245046615600585938e+00,1.103427171707153320e+00,-1.528844237327575684e+00,-1.010108828544616699e+00,7.792242169380187988e-01,-1.032179407775402069e-02,-1.794223785400390625e-01,-4.257318079471588135e-01,1.548934340476989746e+00,9.489786028861999512e-01,-2.563194632530212402e-01,-2.188826352357864380e-01,8.643250912427902222e-02,1.572766184806823730e+00,-3.675872385501861572e-01,7.160514593124389648e-01,-7.229847311973571777e-01,-7.863157987594604492e-01,1.354646205902099609e+00,-3.505269289016723633e-01,1.924441605806350708e-01,5.592235326766967773e-01,8.684930205345153809e-01,-2.684397995471954346e-01,1.096389889717102051e+00,4.457231462001800537e-01,-7.848723232746124268e-02,9.126443266868591309e-01,1.179375290870666504e+00,-1.489816904067993164e-01,9.965699911117553711e-02,1.099258422851562500e+00,3.038679361343383789e-01,2.294211238622665405e-01,3.585374355316162109e-01,-9.001377224922180176e-01,4.330698773264884949e-02,-7.518779039382934570e-01,-3.624452650547027588e-01,-8.851595968008041382e-02
1.727247595787048340e+00,2.536511123180389404e-01,8.467603921890258789e-01,-1.481646001338958740e-01,-6.902546286582946777e-01,2.315586060285568237e-01,1.443031787872314453e+00,6.341054439544677734e-01,-1.085399389266967773e+00,4.620869755744934082e-01,-2.897823452949523926e-01,5.390582084655761719e-01,6.228618025779724121e-01,-2.498551905155181885e-01,-8.235207796096801758e-01,-7.860136032104492188e-01,-1.477233767509460449e+00,-1.502570867538452148e+00,-1.832389235496520996e-01,-1.142035245895385742e+00,-1.471497178077697754e+00,1.519845485687255859e+00,-8.396642208099365234e-01,-6.429178118705749512e-01,1.473362445831298828e-01,8.562223613262176514e-02,1.641348481178283691e+00,-7.857277989387512207e-01,-8.928075432777404785e-01,-1.545515775680541992e+00,7.288768142461776733e-02,1.207568645477294922e+00,6.507522463798522949e-01,1.186563447117805481e-01,7.918476462364196777e-01,-1.137122035026550293e+00,4.361005723476409912e-01,-4.772316515445709229e-01,2.209863185882568359e+00,1.338488340377807617e+00
-8.609777688980102539e-02,-7.671964764595031738e-01,-2.470348924398422241e-01,3.016985952854156494e-01,-4.270334839820861816e-01,-3.485585153102874756e-01,-9.801574349403381348e-01,-1.334435105323791504e+00,-6.873690485954284668e-01,2.282429188489913940e-01,-3.761032521724700928e-01,-3.799852728843688965e-01,-8.055179119110107422e-01,1.689796447753906250e+00,-3.327200412750244141e-01,1.785510659217834473e+00,-1.362898796796798706e-01,-1.592558503150939941e+00,1.925597488880157471e-01,8.388889431953430176e-01,2.698799781501293182e-02,3.209075629711151123e-01,5.393645167350769043e-01,4.569232165813446045e-01,1.518173456192016602e+00,-2.970172464847564697e-01,4.458162188529968262e-02,1.993001848459243774e-01,-7.940747737884521484e-01,6.365836858749389648e-01,1.218027949333190918e+00,-4.872981905937194824e-01,1.225602328777313232e-01,-1.189541518688201904e-01,-2.424149364233016968e-01,-4.163253009319305420e-01,5.989710092544555664e-01,-7.522631883621215820e-01,1.686269044876098633e+00,3.355377316474914551e-01
-1.154278159141540527e+00,1.757230609655380249e-01,-2.619292438030242920e-01,-1.252700924873352051e+00,-6.606956720352172852e-01,-1.790567994117736816e+00,1.093407392501831055e+00,6.704008579254150391e-02,6.853823661804199219e-01,-1.944196671247482300e-01,-3.422712981700897217e-01,6.991705298423767090e-01,-1.369690656661987305e+00,2.325465530157089233e-01,-1.249771714210510254e+00,-8.185230493545532227e-01,9.058362841606140137e-01,-1.077387332916259766e+00,-4.324294626712799072e-01,-9.969870448112487793e-01,1.520826697349548340e+00,-5.214184522628784180e-01,7.828023433685302734e-01,-3.539034128189086914e-01,-6.831520702689886093e-03,-8.969911932945251465e-01,1.194388270378112793e+00,-2.139443874359130859e+00,2.083756625652313232e-01,1.628539115190505981e-01,4.497464895248413086e-01,7.975659966468811035e-01,-5.179693698883056641e-01,-1.133609056472778320e+00,4.192130267620086670e-01,6.156768202781677246e-01,-4.465711116790771484e-02,7.995268702507019043e-01,-9.028768539428710938e-01,1.396131396293640137e+00
1.178526133298873901e-01,6.567561626434326172e-01,-8.317137360572814941e-01,9.610874652862548828e-01,-5.919736623764038086e-01,-1.668531656265258789e+00,9.131612181663513184e-01,-1.152297779917716980e-01,1.491219878196716309e+00,-2.705327868461608887e-01,-7.252020761370658875e-03,-2.109299302101135254e-01,-1.485707163810729980e+00,2.456439733505249023e+00,-2.035312056541442871e-01,1.437826156616210938e+00,9.348484873771667480e-01,1.492685228586196899e-01,1.491972953081130981e-01,9.392043948173522949e-01,-1.161267876625061035e+00,-2.225410223007202148e+00,3.174409568309783936e-01,-2.781142480671405792e-02,3.690764904022216797e-01,1.228618383407592773e+00,-1.613048315048217773e+00,-2.481705665588378906e+00,2.830277204513549805e+00,-2.111546993255615234e-01,-1.849240660667419434e-01,4.204969704151153564e-01,8.977349996566772461e-01,-4.514286220073699951e-01,-6.026140451431274414e-01,9.170508384704589844e-01,-1.177826285362243652e+00,1.220137596130371094e+00,7.283012270927429199e-01,1.956227779388427734e+00
